{
    "$schema": "https://adaptivecards.io/schemas/adaptive-card.json",
    "type": "AdaptiveCard",
    "version": "1.0",
    "actions": [
     {
        "type": "Action.Execute",
        "title": "People (Human Resources)",
        "data": "People"
      },
      {
        "type": "Action.Execute",
        "title": "IT Services (Policies and Procedures)",
        "data": "IT Services"
      },
      {
        "type": "Action.Execute",
        "title": "About TaihoBuddy",
        "data": "Help"
      },
      {
        "type": "Action.Execute",
        "title": "Done / Cancel",
        "data": "Cancel"
      } 
    ]
  }